<application>
  <component name="GwtSdkManager">
    <gwt-sdk-list>
      <gwt-sdk url="file://D:/program/GWT-27" />
    </gwt-sdk-list>
  </component>
  <component name="libraryTable">
    <library name="Bundled Protobuf Distribution">
      <CLASSES />
      <JAVADOC />
      <SOURCES>
        <root url="jar://$APPLICATION_PLUGINS_DIR$/protobuf-jetbrains-plugin/lib/protobuf-java-3.6.1-sources.jar!/" />
      </SOURCES>
    </library>
    <library name="groovy-2.5.8">
      <CLASSES>
        <root url="jar://D:/Software/groovy-2.5.8/lib/ant-1.9.13.jar!/" />
        <root url="jar://D:/Software/groovy-2.5.8/lib/ant-antlr-1.9.13.jar!/" />
        <root url="jar://D:/Software/groovy-2.5.8/lib/ant-junit-1.9.13.jar!/" />
        <root url="jar://D:/Software/groovy-2.5.8/lib/ant-launcher-1.9.13.jar!/" />
        <root url="jar://D:/Software/groovy-2.5.8/lib/apiguardian-api-1.0.0.jar!/" />
        <root url="jar://D:/Software/groovy-2.5.8/lib/bsf-2.4.0.jar!/" />
        <root url="jar://D:/Software/groovy-2.5.8/lib/commons-cli-1.4.jar!/" />
        <root url="jar://D:/Software/groovy-2.5.8/lib/commons-logging-1.2.jar!/" />
        <root url="jar://D:/Software/groovy-2.5.8/lib/gpars-1.2.1.jar!/" />
        <root url="jar://D:/Software/groovy-2.5.8/lib/groovy-2.5.8.jar!/" />
        <root url="jar://D:/Software/groovy-2.5.8/lib/groovy-ant-2.5.8.jar!/" />
        <root url="jar://D:/Software/groovy-2.5.8/lib/groovy-bsf-2.5.8.jar!/" />
        <root url="jar://D:/Software/groovy-2.5.8/lib/groovy-cli-commons-2.5.8.jar!/" />
        <root url="jar://D:/Software/groovy-2.5.8/lib/groovy-cli-picocli-2.5.8.jar!/" />
        <root url="jar://D:/Software/groovy-2.5.8/lib/groovy-console-2.5.8.jar!/" />
        <root url="jar://D:/Software/groovy-2.5.8/lib/groovy-datetime-2.5.8.jar!/" />
        <root url="jar://D:/Software/groovy-2.5.8/lib/groovy-dateutil-2.5.8.jar!/" />
        <root url="jar://D:/Software/groovy-2.5.8/lib/groovy-docgenerator-2.5.8.jar!/" />
        <root url="jar://D:/Software/groovy-2.5.8/lib/groovy-groovydoc-2.5.8.jar!/" />
        <root url="jar://D:/Software/groovy-2.5.8/lib/groovy-groovysh-2.5.8.jar!/" />
        <root url="jar://D:/Software/groovy-2.5.8/lib/groovy-jaxb-2.5.8.jar!/" />
        <root url="jar://D:/Software/groovy-2.5.8/lib/groovy-jmx-2.5.8.jar!/" />
        <root url="jar://D:/Software/groovy-2.5.8/lib/groovy-json-2.5.8.jar!/" />
        <root url="jar://D:/Software/groovy-2.5.8/lib/groovy-json-direct-2.5.8.jar!/" />
        <root url="jar://D:/Software/groovy-2.5.8/lib/groovy-jsr223-2.5.8.jar!/" />
        <root url="jar://D:/Software/groovy-2.5.8/lib/groovy-macro-2.5.8.jar!/" />
        <root url="jar://D:/Software/groovy-2.5.8/lib/groovy-nio-2.5.8.jar!/" />
        <root url="jar://D:/Software/groovy-2.5.8/lib/groovy-servlet-2.5.8.jar!/" />
        <root url="jar://D:/Software/groovy-2.5.8/lib/groovy-sql-2.5.8.jar!/" />
        <root url="jar://D:/Software/groovy-2.5.8/lib/groovy-swing-2.5.8.jar!/" />
        <root url="jar://D:/Software/groovy-2.5.8/lib/groovy-templates-2.5.8.jar!/" />
        <root url="jar://D:/Software/groovy-2.5.8/lib/groovy-test-2.5.8.jar!/" />
        <root url="jar://D:/Software/groovy-2.5.8/lib/groovy-test-junit5-2.5.8.jar!/" />
        <root url="jar://D:/Software/groovy-2.5.8/lib/groovy-testng-2.5.8.jar!/" />
        <root url="jar://D:/Software/groovy-2.5.8/lib/groovy-xml-2.5.8.jar!/" />
        <root url="jar://D:/Software/groovy-2.5.8/lib/hamcrest-core-1.3.jar!/" />
        <root url="jar://D:/Software/groovy-2.5.8/lib/ivy-2.4.0.jar!/" />
        <root url="jar://D:/Software/groovy-2.5.8/lib/jansi-1.17.1.jar!/" />
        <root url="jar://D:/Software/groovy-2.5.8/lib/javax.servlet-api-3.0.1.jar!/" />
        <root url="jar://D:/Software/groovy-2.5.8/lib/jcommander-1.72.jar!/" />
        <root url="jar://D:/Software/groovy-2.5.8/lib/jline-2.14.6.jar!/" />
        <root url="jar://D:/Software/groovy-2.5.8/lib/jsp-api-2.0.jar!/" />
        <root url="jar://D:/Software/groovy-2.5.8/lib/jsr166y-1.7.0.jar!/" />
        <root url="jar://D:/Software/groovy-2.5.8/lib/junit-4.12.jar!/" />
        <root url="jar://D:/Software/groovy-2.5.8/lib/junit-jupiter-api-5.4.0.jar!/" />
        <root url="jar://D:/Software/groovy-2.5.8/lib/junit-jupiter-engine-5.4.0.jar!/" />
        <root url="jar://D:/Software/groovy-2.5.8/lib/junit-platform-commons-1.4.0.jar!/" />
        <root url="jar://D:/Software/groovy-2.5.8/lib/junit-platform-engine-1.4.0.jar!/" />
        <root url="jar://D:/Software/groovy-2.5.8/lib/junit-platform-launcher-1.4.0.jar!/" />
        <root url="jar://D:/Software/groovy-2.5.8/lib/multiverse-core-0.7.0.jar!/" />
        <root url="jar://D:/Software/groovy-2.5.8/lib/opentest4j-1.1.1.jar!/" />
        <root url="jar://D:/Software/groovy-2.5.8/lib/picocli-4.0.1.jar!/" />
        <root url="jar://D:/Software/groovy-2.5.8/lib/qdox-1.12.1.jar!/" />
        <root url="jar://D:/Software/groovy-2.5.8/lib/testng-6.13.1.jar!/" />
        <root url="jar://D:/Software/groovy-2.5.8/lib/xstream-1.4.10.jar!/" />
      </CLASSES>
      <JAVADOC />
      <SOURCES />
    </library>
  </component>
</application>