<application>
  <component name="DockerRegistry">
    <DockerRegistry email="" password="">
      <option name="address" value="cs30artifactory1a.sgn.secutix.net:18443" />
      <option name="name" value="Docker Registry" />
      <option name="username" value="" />
    </DockerRegistry>
    <DockerRegistry email="mdl@elca.vn">
      <option name="address" value="cs30artifactory1a.sgn.secutix.net:18443" />
      <option name="name" value="Docker Registry2" />
      <option name="username" value="mdl" />
    </DockerRegistry>
  </component>
</application>