<application>
  <component name="EditorSettings">
    <option name="USE_SOFT_WRAPS" value="" />
    <option name="SOFT_WRAP_FILE_MASKS" value="*.md; *.txt; *.rst; *.adoc" />
    <option name="IS_INNER_WHITESPACES_SHOWN" value="false" />
    <option name="IS_TRAILING_WHITESPACES_SHOWN" value="false" />
    <option name="IS_WHEEL_FONTCHANGE_ENABLED" value="true" />
  </component>
  <component name="TodoConfiguration">
    <pattern pattern="\btodo\b.*" />
    <pattern pattern="\bfixme\b.*" />
    <pattern pattern="\bspecs_open\b.*" />
  </component>
</application>