<application>
  <component name="FileTypeManager" version="17">
    <extensionMap>
      <mapping pattern="ant" type="PLAIN_TEXT" />
      <mapping pattern="parametreprogramme_id_1ST_DELAI_ECHEANCE_COTISATION_COMPLEMENTAIRE.json" type="PLAIN_TEXT" />
      <mapping pattern=".module.userprop" type="PLAIN_TEXT" />
      <mapping ext="0_ipen1st-14733__alter" type="SQL" />
      <mapping ext="fnc" type="DBN-PSQL" />
      <mapping ext="pkb" type="DBN-PSQL" />
      <mapping ext="pkg" type="DBN-PSQL" />
      <mapping ext="pks" type="DBN-PSQL" />
      <mapping ext="prc" type="DBN-PSQL" />
      <mapping ext="tpb" type="DBN-PSQL" />
      <mapping ext="tpe" type="DBN-PSQL" />
      <mapping ext="tps" type="DBN-PSQL" />
      <mapping ext="trg" type="DBN-PSQL" />
      <mapping ext="vw" type="DBN-SQL" />
    </extensionMap>
  </component>
</application>