<application>
  <component name="FindSettings">
    <option name="customScope" value="All Places" />
    <option name="defaultScopeName" value="All Places" />
    <option name="SEARCH_SCOPE" value="All Places" />
    <mask>*java</mask>
    <mask>*yml</mask>
    <mask>pri</mask>
    <mask>*.wiki</mask>
    <mask>*.users.proper</mask>
    <mask>*.module.userprop</mask>
    <mask>*.xsd</mask>
    <mask>*.userprop</mask>
    <mask>application.properties</mask>
    <mask>*.yaml</mask>
    <mask>pom*.xml</mask>
    <mask>classpath</mask>
    <mask>ivy</mask>
    <mask>*.properties</mask>
    <mask>ivy.xml</mask>
    <mask>.classpath</mask>
    <mask>*.proto</mask>
    <mask>*.xml</mask>
    <mask>*.json</mask>
    <mask>.module.userprop</mask>
    <mask>*.f</mask>
    <mask>*.css</mask>
    <mask>*.fxml</mask>
    <mask>*.svg</mask>
    <mask>pom.xml</mask>
    <mask>*.sql</mask>
    <mask>*.classpath</mask>
    <mask>*.yml</mask>
    <mask>*.java</mask>
    <mask>*.pom</mask>
  </component>
</application>