<application>
  <component name="ProjectJdkTable">
    <jdk version="2">
      <name value="1.8.0_201" />
      <type value="JavaSDK" />
      <version value="java version &quot;1.8.0_201&quot;" />
      <homePath value="C:/Program Files/Java/jdk1.8.0_201" />
      <roots>
        <annotationsPath>
          <root type="composite">
            <root url="jar://$APPLICATION_HOME_DIR$/lib/jdkAnnotations.jar!/" type="simple" />
          </root>
        </annotationsPath>
        <classPath>
          <root type="composite">
            <root url="jar://C:/Program Files/Java/jdk1.8.0_201/jre/lib/charsets.jar!/" type="simple" />
            <root url="jar://C:/Program Files/Java/jdk1.8.0_201/jre/lib/deploy.jar!/" type="simple" />
            <root url="jar://C:/Program Files/Java/jdk1.8.0_201/jre/lib/ext/access-bridge-64.jar!/" type="simple" />
            <root url="jar://C:/Program Files/Java/jdk1.8.0_201/jre/lib/ext/cldrdata.jar!/" type="simple" />
            <root url="jar://C:/Program Files/Java/jdk1.8.0_201/jre/lib/ext/dnsns.jar!/" type="simple" />
            <root url="jar://C:/Program Files/Java/jdk1.8.0_201/jre/lib/ext/jaccess.jar!/" type="simple" />
            <root url="jar://C:/Program Files/Java/jdk1.8.0_201/jre/lib/ext/jfxrt.jar!/" type="simple" />
            <root url="jar://C:/Program Files/Java/jdk1.8.0_201/jre/lib/ext/localedata.jar!/" type="simple" />
            <root url="jar://C:/Program Files/Java/jdk1.8.0_201/jre/lib/ext/nashorn.jar!/" type="simple" />
            <root url="jar://C:/Program Files/Java/jdk1.8.0_201/jre/lib/ext/sunec.jar!/" type="simple" />
            <root url="jar://C:/Program Files/Java/jdk1.8.0_201/jre/lib/ext/sunjce_provider.jar!/" type="simple" />
            <root url="jar://C:/Program Files/Java/jdk1.8.0_201/jre/lib/ext/sunmscapi.jar!/" type="simple" />
            <root url="jar://C:/Program Files/Java/jdk1.8.0_201/jre/lib/ext/sunpkcs11.jar!/" type="simple" />
            <root url="jar://C:/Program Files/Java/jdk1.8.0_201/jre/lib/ext/zipfs.jar!/" type="simple" />
            <root url="jar://C:/Program Files/Java/jdk1.8.0_201/jre/lib/javaws.jar!/" type="simple" />
            <root url="jar://C:/Program Files/Java/jdk1.8.0_201/jre/lib/jce.jar!/" type="simple" />
            <root url="jar://C:/Program Files/Java/jdk1.8.0_201/jre/lib/jfr.jar!/" type="simple" />
            <root url="jar://C:/Program Files/Java/jdk1.8.0_201/jre/lib/jfxswt.jar!/" type="simple" />
            <root url="jar://C:/Program Files/Java/jdk1.8.0_201/jre/lib/jsse.jar!/" type="simple" />
            <root url="jar://C:/Program Files/Java/jdk1.8.0_201/jre/lib/management-agent.jar!/" type="simple" />
            <root url="jar://C:/Program Files/Java/jdk1.8.0_201/jre/lib/plugin.jar!/" type="simple" />
            <root url="jar://C:/Program Files/Java/jdk1.8.0_201/jre/lib/resources.jar!/" type="simple" />
            <root url="jar://C:/Program Files/Java/jdk1.8.0_201/jre/lib/rt.jar!/" type="simple" />
          </root>
        </classPath>
        <javadocPath>
          <root type="composite" />
        </javadocPath>
        <sourcePath>
          <root type="composite">
            <root url="jar://C:/Program Files/Java/jdk1.8.0_201/src.zip!/" type="simple" />
            <root url="jar://C:/Program Files/Java/jdk1.8.0_201/javafx-src.zip!/" type="simple" />
          </root>
        </sourcePath>
      </roots>
      <additional />
    </jdk>
    <jdk version="2">
      <name value="openJDK-11" />
      <type value="JavaSDK" />
      <version value="java version &quot;11.0.6&quot;" />
      <homePath value="C:/Program Files/AdoptOpenJDK/jdk-11.0.6.10-hotspot" />
      <roots>
        <annotationsPath>
          <root type="composite">
            <root url="jar://$APPLICATION_HOME_DIR$/lib/jdkAnnotations.jar!/" type="simple" />
          </root>
        </annotationsPath>
        <classPath>
          <root type="composite">
            <root url="jrt://C:/Program Files/AdoptOpenJDK/jdk-11.0.6.10-hotspot!/java.base" type="simple" />
            <root url="jrt://C:/Program Files/AdoptOpenJDK/jdk-11.0.6.10-hotspot!/java.compiler" type="simple" />
            <root url="jrt://C:/Program Files/AdoptOpenJDK/jdk-11.0.6.10-hotspot!/java.datatransfer" type="simple" />
            <root url="jrt://C:/Program Files/AdoptOpenJDK/jdk-11.0.6.10-hotspot!/java.desktop" type="simple" />
            <root url="jrt://C:/Program Files/AdoptOpenJDK/jdk-11.0.6.10-hotspot!/java.instrument" type="simple" />
            <root url="jrt://C:/Program Files/AdoptOpenJDK/jdk-11.0.6.10-hotspot!/java.logging" type="simple" />
            <root url="jrt://C:/Program Files/AdoptOpenJDK/jdk-11.0.6.10-hotspot!/java.management" type="simple" />
            <root url="jrt://C:/Program Files/AdoptOpenJDK/jdk-11.0.6.10-hotspot!/java.management.rmi" type="simple" />
            <root url="jrt://C:/Program Files/AdoptOpenJDK/jdk-11.0.6.10-hotspot!/java.naming" type="simple" />
            <root url="jrt://C:/Program Files/AdoptOpenJDK/jdk-11.0.6.10-hotspot!/java.net.http" type="simple" />
            <root url="jrt://C:/Program Files/AdoptOpenJDK/jdk-11.0.6.10-hotspot!/java.prefs" type="simple" />
            <root url="jrt://C:/Program Files/AdoptOpenJDK/jdk-11.0.6.10-hotspot!/java.rmi" type="simple" />
            <root url="jrt://C:/Program Files/AdoptOpenJDK/jdk-11.0.6.10-hotspot!/java.scripting" type="simple" />
            <root url="jrt://C:/Program Files/AdoptOpenJDK/jdk-11.0.6.10-hotspot!/java.se" type="simple" />
            <root url="jrt://C:/Program Files/AdoptOpenJDK/jdk-11.0.6.10-hotspot!/java.security.jgss" type="simple" />
            <root url="jrt://C:/Program Files/AdoptOpenJDK/jdk-11.0.6.10-hotspot!/java.security.sasl" type="simple" />
            <root url="jrt://C:/Program Files/AdoptOpenJDK/jdk-11.0.6.10-hotspot!/java.smartcardio" type="simple" />
            <root url="jrt://C:/Program Files/AdoptOpenJDK/jdk-11.0.6.10-hotspot!/java.sql" type="simple" />
            <root url="jrt://C:/Program Files/AdoptOpenJDK/jdk-11.0.6.10-hotspot!/java.sql.rowset" type="simple" />
            <root url="jrt://C:/Program Files/AdoptOpenJDK/jdk-11.0.6.10-hotspot!/java.transaction.xa" type="simple" />
            <root url="jrt://C:/Program Files/AdoptOpenJDK/jdk-11.0.6.10-hotspot!/java.xml" type="simple" />
            <root url="jrt://C:/Program Files/AdoptOpenJDK/jdk-11.0.6.10-hotspot!/java.xml.crypto" type="simple" />
            <root url="jrt://C:/Program Files/AdoptOpenJDK/jdk-11.0.6.10-hotspot!/jdk.accessibility" type="simple" />
            <root url="jrt://C:/Program Files/AdoptOpenJDK/jdk-11.0.6.10-hotspot!/jdk.aot" type="simple" />
            <root url="jrt://C:/Program Files/AdoptOpenJDK/jdk-11.0.6.10-hotspot!/jdk.attach" type="simple" />
            <root url="jrt://C:/Program Files/AdoptOpenJDK/jdk-11.0.6.10-hotspot!/jdk.charsets" type="simple" />
            <root url="jrt://C:/Program Files/AdoptOpenJDK/jdk-11.0.6.10-hotspot!/jdk.compiler" type="simple" />
            <root url="jrt://C:/Program Files/AdoptOpenJDK/jdk-11.0.6.10-hotspot!/jdk.crypto.cryptoki" type="simple" />
            <root url="jrt://C:/Program Files/AdoptOpenJDK/jdk-11.0.6.10-hotspot!/jdk.crypto.ec" type="simple" />
            <root url="jrt://C:/Program Files/AdoptOpenJDK/jdk-11.0.6.10-hotspot!/jdk.crypto.mscapi" type="simple" />
            <root url="jrt://C:/Program Files/AdoptOpenJDK/jdk-11.0.6.10-hotspot!/jdk.dynalink" type="simple" />
            <root url="jrt://C:/Program Files/AdoptOpenJDK/jdk-11.0.6.10-hotspot!/jdk.editpad" type="simple" />
            <root url="jrt://C:/Program Files/AdoptOpenJDK/jdk-11.0.6.10-hotspot!/jdk.hotspot.agent" type="simple" />
            <root url="jrt://C:/Program Files/AdoptOpenJDK/jdk-11.0.6.10-hotspot!/jdk.httpserver" type="simple" />
            <root url="jrt://C:/Program Files/AdoptOpenJDK/jdk-11.0.6.10-hotspot!/jdk.internal.ed" type="simple" />
            <root url="jrt://C:/Program Files/AdoptOpenJDK/jdk-11.0.6.10-hotspot!/jdk.internal.jvmstat" type="simple" />
            <root url="jrt://C:/Program Files/AdoptOpenJDK/jdk-11.0.6.10-hotspot!/jdk.internal.le" type="simple" />
            <root url="jrt://C:/Program Files/AdoptOpenJDK/jdk-11.0.6.10-hotspot!/jdk.internal.opt" type="simple" />
            <root url="jrt://C:/Program Files/AdoptOpenJDK/jdk-11.0.6.10-hotspot!/jdk.internal.vm.ci" type="simple" />
            <root url="jrt://C:/Program Files/AdoptOpenJDK/jdk-11.0.6.10-hotspot!/jdk.internal.vm.compiler" type="simple" />
            <root url="jrt://C:/Program Files/AdoptOpenJDK/jdk-11.0.6.10-hotspot!/jdk.internal.vm.compiler.management" type="simple" />
            <root url="jrt://C:/Program Files/AdoptOpenJDK/jdk-11.0.6.10-hotspot!/jdk.jartool" type="simple" />
            <root url="jrt://C:/Program Files/AdoptOpenJDK/jdk-11.0.6.10-hotspot!/jdk.javadoc" type="simple" />
            <root url="jrt://C:/Program Files/AdoptOpenJDK/jdk-11.0.6.10-hotspot!/jdk.jcmd" type="simple" />
            <root url="jrt://C:/Program Files/AdoptOpenJDK/jdk-11.0.6.10-hotspot!/jdk.jconsole" type="simple" />
            <root url="jrt://C:/Program Files/AdoptOpenJDK/jdk-11.0.6.10-hotspot!/jdk.jdeps" type="simple" />
            <root url="jrt://C:/Program Files/AdoptOpenJDK/jdk-11.0.6.10-hotspot!/jdk.jdi" type="simple" />
            <root url="jrt://C:/Program Files/AdoptOpenJDK/jdk-11.0.6.10-hotspot!/jdk.jdwp.agent" type="simple" />
            <root url="jrt://C:/Program Files/AdoptOpenJDK/jdk-11.0.6.10-hotspot!/jdk.jfr" type="simple" />
            <root url="jrt://C:/Program Files/AdoptOpenJDK/jdk-11.0.6.10-hotspot!/jdk.jlink" type="simple" />
            <root url="jrt://C:/Program Files/AdoptOpenJDK/jdk-11.0.6.10-hotspot!/jdk.jshell" type="simple" />
            <root url="jrt://C:/Program Files/AdoptOpenJDK/jdk-11.0.6.10-hotspot!/jdk.jsobject" type="simple" />
            <root url="jrt://C:/Program Files/AdoptOpenJDK/jdk-11.0.6.10-hotspot!/jdk.jstatd" type="simple" />
            <root url="jrt://C:/Program Files/AdoptOpenJDK/jdk-11.0.6.10-hotspot!/jdk.localedata" type="simple" />
            <root url="jrt://C:/Program Files/AdoptOpenJDK/jdk-11.0.6.10-hotspot!/jdk.management" type="simple" />
            <root url="jrt://C:/Program Files/AdoptOpenJDK/jdk-11.0.6.10-hotspot!/jdk.management.agent" type="simple" />
            <root url="jrt://C:/Program Files/AdoptOpenJDK/jdk-11.0.6.10-hotspot!/jdk.management.jfr" type="simple" />
            <root url="jrt://C:/Program Files/AdoptOpenJDK/jdk-11.0.6.10-hotspot!/jdk.naming.dns" type="simple" />
            <root url="jrt://C:/Program Files/AdoptOpenJDK/jdk-11.0.6.10-hotspot!/jdk.naming.rmi" type="simple" />
            <root url="jrt://C:/Program Files/AdoptOpenJDK/jdk-11.0.6.10-hotspot!/jdk.net" type="simple" />
            <root url="jrt://C:/Program Files/AdoptOpenJDK/jdk-11.0.6.10-hotspot!/jdk.pack" type="simple" />
            <root url="jrt://C:/Program Files/AdoptOpenJDK/jdk-11.0.6.10-hotspot!/jdk.rmic" type="simple" />
            <root url="jrt://C:/Program Files/AdoptOpenJDK/jdk-11.0.6.10-hotspot!/jdk.scripting.nashorn" type="simple" />
            <root url="jrt://C:/Program Files/AdoptOpenJDK/jdk-11.0.6.10-hotspot!/jdk.scripting.nashorn.shell" type="simple" />
            <root url="jrt://C:/Program Files/AdoptOpenJDK/jdk-11.0.6.10-hotspot!/jdk.sctp" type="simple" />
            <root url="jrt://C:/Program Files/AdoptOpenJDK/jdk-11.0.6.10-hotspot!/jdk.security.auth" type="simple" />
            <root url="jrt://C:/Program Files/AdoptOpenJDK/jdk-11.0.6.10-hotspot!/jdk.security.jgss" type="simple" />
            <root url="jrt://C:/Program Files/AdoptOpenJDK/jdk-11.0.6.10-hotspot!/jdk.unsupported" type="simple" />
            <root url="jrt://C:/Program Files/AdoptOpenJDK/jdk-11.0.6.10-hotspot!/jdk.unsupported.desktop" type="simple" />
            <root url="jrt://C:/Program Files/AdoptOpenJDK/jdk-11.0.6.10-hotspot!/jdk.xml.dom" type="simple" />
            <root url="jrt://C:/Program Files/AdoptOpenJDK/jdk-11.0.6.10-hotspot!/jdk.zipfs" type="simple" />
          </root>
        </classPath>
        <javadocPath>
          <root type="composite" />
        </javadocPath>
        <sourcePath>
          <root type="composite">
            <root url="jar://C:/Program Files/AdoptOpenJDK/jdk-11.0.6.10-hotspot/lib/src.zip!/java.se" type="simple" />
            <root url="jar://C:/Program Files/AdoptOpenJDK/jdk-11.0.6.10-hotspot/lib/src.zip!/jdk.aot" type="simple" />
            <root url="jar://C:/Program Files/AdoptOpenJDK/jdk-11.0.6.10-hotspot/lib/src.zip!/jdk.jdi" type="simple" />
            <root url="jar://C:/Program Files/AdoptOpenJDK/jdk-11.0.6.10-hotspot/lib/src.zip!/jdk.jfr" type="simple" />
            <root url="jar://C:/Program Files/AdoptOpenJDK/jdk-11.0.6.10-hotspot/lib/src.zip!/jdk.net" type="simple" />
            <root url="jar://C:/Program Files/AdoptOpenJDK/jdk-11.0.6.10-hotspot/lib/src.zip!/java.rmi" type="simple" />
            <root url="jar://C:/Program Files/AdoptOpenJDK/jdk-11.0.6.10-hotspot/lib/src.zip!/java.sql" type="simple" />
            <root url="jar://C:/Program Files/AdoptOpenJDK/jdk-11.0.6.10-hotspot/lib/src.zip!/java.xml" type="simple" />
            <root url="jar://C:/Program Files/AdoptOpenJDK/jdk-11.0.6.10-hotspot/lib/src.zip!/jdk.jcmd" type="simple" />
            <root url="jar://C:/Program Files/AdoptOpenJDK/jdk-11.0.6.10-hotspot/lib/src.zip!/jdk.pack" type="simple" />
            <root url="jar://C:/Program Files/AdoptOpenJDK/jdk-11.0.6.10-hotspot/lib/src.zip!/jdk.rmic" type="simple" />
            <root url="jar://C:/Program Files/AdoptOpenJDK/jdk-11.0.6.10-hotspot/lib/src.zip!/jdk.sctp" type="simple" />
            <root url="jar://C:/Program Files/AdoptOpenJDK/jdk-11.0.6.10-hotspot/lib/src.zip!/java.base" type="simple" />
            <root url="jar://C:/Program Files/AdoptOpenJDK/jdk-11.0.6.10-hotspot/lib/src.zip!/jdk.jdeps" type="simple" />
            <root url="jar://C:/Program Files/AdoptOpenJDK/jdk-11.0.6.10-hotspot/lib/src.zip!/jdk.jlink" type="simple" />
            <root url="jar://C:/Program Files/AdoptOpenJDK/jdk-11.0.6.10-hotspot/lib/src.zip!/jdk.zipfs" type="simple" />
            <root url="jar://C:/Program Files/AdoptOpenJDK/jdk-11.0.6.10-hotspot/lib/src.zip!/java.prefs" type="simple" />
            <root url="jar://C:/Program Files/AdoptOpenJDK/jdk-11.0.6.10-hotspot/lib/src.zip!/jdk.attach" type="simple" />
            <root url="jar://C:/Program Files/AdoptOpenJDK/jdk-11.0.6.10-hotspot/lib/src.zip!/jdk.jshell" type="simple" />
            <root url="jar://C:/Program Files/AdoptOpenJDK/jdk-11.0.6.10-hotspot/lib/src.zip!/jdk.jstatd" type="simple" />
            <root url="jar://C:/Program Files/AdoptOpenJDK/jdk-11.0.6.10-hotspot/lib/src.zip!/java.naming" type="simple" />
            <root url="jar://C:/Program Files/AdoptOpenJDK/jdk-11.0.6.10-hotspot/lib/src.zip!/jdk.editpad" type="simple" />
            <root url="jar://C:/Program Files/AdoptOpenJDK/jdk-11.0.6.10-hotspot/lib/src.zip!/jdk.jartool" type="simple" />
            <root url="jar://C:/Program Files/AdoptOpenJDK/jdk-11.0.6.10-hotspot/lib/src.zip!/jdk.javadoc" type="simple" />
            <root url="jar://C:/Program Files/AdoptOpenJDK/jdk-11.0.6.10-hotspot/lib/src.zip!/jdk.xml.dom" type="simple" />
            <root url="jar://C:/Program Files/AdoptOpenJDK/jdk-11.0.6.10-hotspot/lib/src.zip!/java.desktop" type="simple" />
            <root url="jar://C:/Program Files/AdoptOpenJDK/jdk-11.0.6.10-hotspot/lib/src.zip!/java.logging" type="simple" />
            <root url="jar://C:/Program Files/AdoptOpenJDK/jdk-11.0.6.10-hotspot/lib/src.zip!/jdk.charsets" type="simple" />
            <root url="jar://C:/Program Files/AdoptOpenJDK/jdk-11.0.6.10-hotspot/lib/src.zip!/jdk.compiler" type="simple" />
            <root url="jar://C:/Program Files/AdoptOpenJDK/jdk-11.0.6.10-hotspot/lib/src.zip!/jdk.dynalink" type="simple" />
            <root url="jar://C:/Program Files/AdoptOpenJDK/jdk-11.0.6.10-hotspot/lib/src.zip!/jdk.jconsole" type="simple" />
            <root url="jar://C:/Program Files/AdoptOpenJDK/jdk-11.0.6.10-hotspot/lib/src.zip!/jdk.jsobject" type="simple" />
            <root url="jar://C:/Program Files/AdoptOpenJDK/jdk-11.0.6.10-hotspot/lib/src.zip!/java.compiler" type="simple" />
            <root url="jar://C:/Program Files/AdoptOpenJDK/jdk-11.0.6.10-hotspot/lib/src.zip!/java.net.http" type="simple" />
            <root url="jar://C:/Program Files/AdoptOpenJDK/jdk-11.0.6.10-hotspot/lib/src.zip!/jdk.crypto.ec" type="simple" />
            <root url="jar://C:/Program Files/AdoptOpenJDK/jdk-11.0.6.10-hotspot/lib/src.zip!/java.scripting" type="simple" />
            <root url="jar://C:/Program Files/AdoptOpenJDK/jdk-11.0.6.10-hotspot/lib/src.zip!/jdk.httpserver" type="simple" />
            <root url="jar://C:/Program Files/AdoptOpenJDK/jdk-11.0.6.10-hotspot/lib/src.zip!/jdk.jdwp.agent" type="simple" />
            <root url="jar://C:/Program Files/AdoptOpenJDK/jdk-11.0.6.10-hotspot/lib/src.zip!/jdk.localedata" type="simple" />
            <root url="jar://C:/Program Files/AdoptOpenJDK/jdk-11.0.6.10-hotspot/lib/src.zip!/jdk.management" type="simple" />
            <root url="jar://C:/Program Files/AdoptOpenJDK/jdk-11.0.6.10-hotspot/lib/src.zip!/jdk.naming.dns" type="simple" />
            <root url="jar://C:/Program Files/AdoptOpenJDK/jdk-11.0.6.10-hotspot/lib/src.zip!/jdk.naming.rmi" type="simple" />
            <root url="jar://C:/Program Files/AdoptOpenJDK/jdk-11.0.6.10-hotspot/lib/src.zip!/java.instrument" type="simple" />
            <root url="jar://C:/Program Files/AdoptOpenJDK/jdk-11.0.6.10-hotspot/lib/src.zip!/java.management" type="simple" />
            <root url="jar://C:/Program Files/AdoptOpenJDK/jdk-11.0.6.10-hotspot/lib/src.zip!/java.sql.rowset" type="simple" />
            <root url="jar://C:/Program Files/AdoptOpenJDK/jdk-11.0.6.10-hotspot/lib/src.zip!/java.xml.crypto" type="simple" />
            <root url="jar://C:/Program Files/AdoptOpenJDK/jdk-11.0.6.10-hotspot/lib/src.zip!/jdk.internal.ed" type="simple" />
            <root url="jar://C:/Program Files/AdoptOpenJDK/jdk-11.0.6.10-hotspot/lib/src.zip!/jdk.internal.le" type="simple" />
            <root url="jar://C:/Program Files/AdoptOpenJDK/jdk-11.0.6.10-hotspot/lib/src.zip!/jdk.unsupported" type="simple" />
            <root url="jar://C:/Program Files/AdoptOpenJDK/jdk-11.0.6.10-hotspot/lib/src.zip!/java.smartcardio" type="simple" />
            <root url="jar://C:/Program Files/AdoptOpenJDK/jdk-11.0.6.10-hotspot/lib/src.zip!/jdk.internal.opt" type="simple" />
            <root url="jar://C:/Program Files/AdoptOpenJDK/jdk-11.0.6.10-hotspot/lib/src.zip!/java.datatransfer" type="simple" />
            <root url="jar://C:/Program Files/AdoptOpenJDK/jdk-11.0.6.10-hotspot/lib/src.zip!/jdk.accessibility" type="simple" />
            <root url="jar://C:/Program Files/AdoptOpenJDK/jdk-11.0.6.10-hotspot/lib/src.zip!/jdk.crypto.mscapi" type="simple" />
            <root url="jar://C:/Program Files/AdoptOpenJDK/jdk-11.0.6.10-hotspot/lib/src.zip!/jdk.hotspot.agent" type="simple" />
            <root url="jar://C:/Program Files/AdoptOpenJDK/jdk-11.0.6.10-hotspot/lib/src.zip!/jdk.security.auth" type="simple" />
            <root url="jar://C:/Program Files/AdoptOpenJDK/jdk-11.0.6.10-hotspot/lib/src.zip!/jdk.security.jgss" type="simple" />
            <root url="jar://C:/Program Files/AdoptOpenJDK/jdk-11.0.6.10-hotspot/lib/src.zip!/java.security.jgss" type="simple" />
            <root url="jar://C:/Program Files/AdoptOpenJDK/jdk-11.0.6.10-hotspot/lib/src.zip!/java.security.sasl" type="simple" />
            <root url="jar://C:/Program Files/AdoptOpenJDK/jdk-11.0.6.10-hotspot/lib/src.zip!/jdk.internal.vm.ci" type="simple" />
            <root url="jar://C:/Program Files/AdoptOpenJDK/jdk-11.0.6.10-hotspot/lib/src.zip!/jdk.management.jfr" type="simple" />
            <root url="jar://C:/Program Files/AdoptOpenJDK/jdk-11.0.6.10-hotspot/lib/src.zip!/java.management.rmi" type="simple" />
            <root url="jar://C:/Program Files/AdoptOpenJDK/jdk-11.0.6.10-hotspot/lib/src.zip!/java.transaction.xa" type="simple" />
            <root url="jar://C:/Program Files/AdoptOpenJDK/jdk-11.0.6.10-hotspot/lib/src.zip!/jdk.crypto.cryptoki" type="simple" />
            <root url="jar://C:/Program Files/AdoptOpenJDK/jdk-11.0.6.10-hotspot/lib/src.zip!/jdk.internal.jvmstat" type="simple" />
            <root url="jar://C:/Program Files/AdoptOpenJDK/jdk-11.0.6.10-hotspot/lib/src.zip!/jdk.management.agent" type="simple" />
            <root url="jar://C:/Program Files/AdoptOpenJDK/jdk-11.0.6.10-hotspot/lib/src.zip!/jdk.scripting.nashorn" type="simple" />
            <root url="jar://C:/Program Files/AdoptOpenJDK/jdk-11.0.6.10-hotspot/lib/src.zip!/jdk.unsupported.desktop" type="simple" />
            <root url="jar://C:/Program Files/AdoptOpenJDK/jdk-11.0.6.10-hotspot/lib/src.zip!/jdk.internal.vm.compiler" type="simple" />
            <root url="jar://C:/Program Files/AdoptOpenJDK/jdk-11.0.6.10-hotspot/lib/src.zip!/jdk.scripting.nashorn.shell" type="simple" />
            <root url="jar://C:/Program Files/AdoptOpenJDK/jdk-11.0.6.10-hotspot/lib/src.zip!/jdk.internal.vm.compiler.management" type="simple" />
          </root>
        </sourcePath>
      </roots>
      <additional />
    </jdk>
    <jdk version="2">
      <name value="OpenJDK-1.8.0.213" />
      <type value="JavaSDK" />
      <version value="java version &quot;1.8.0_212&quot;" />
      <homePath value="D:/Software/java-1.8.0-openjdk-1.8.0.212-3.b04.redhat.windows.x86_64" />
      <roots>
        <annotationsPath>
          <root type="composite">
            <root url="jar://$APPLICATION_HOME_DIR$/lib/jdkAnnotations.jar!/" type="simple" />
          </root>
        </annotationsPath>
        <classPath>
          <root type="composite">
            <root url="jar://$java.home$/lib/charsets.jar!/" type="simple" />
            <root url="jar://$java.home$/lib/ext/access-bridge-64.jar!/" type="simple" />
            <root url="jar://$java.home$/lib/ext/cldrdata.jar!/" type="simple" />
            <root url="jar://$java.home$/lib/ext/dnsns.jar!/" type="simple" />
            <root url="jar://$java.home$/lib/ext/jaccess.jar!/" type="simple" />
            <root url="jar://$java.home$/lib/ext/localedata.jar!/" type="simple" />
            <root url="jar://$java.home$/lib/ext/nashorn.jar!/" type="simple" />
            <root url="jar://$java.home$/lib/ext/sunec.jar!/" type="simple" />
            <root url="jar://$java.home$/lib/ext/sunjce_provider.jar!/" type="simple" />
            <root url="jar://$java.home$/lib/ext/sunmscapi.jar!/" type="simple" />
            <root url="jar://$java.home$/lib/ext/sunpkcs11.jar!/" type="simple" />
            <root url="jar://$java.home$/lib/ext/zipfs.jar!/" type="simple" />
            <root url="jar://$java.home$/lib/jce.jar!/" type="simple" />
            <root url="jar://$java.home$/lib/jsse.jar!/" type="simple" />
            <root url="jar://$java.home$/lib/management-agent.jar!/" type="simple" />
            <root url="jar://$java.home$/lib/resources.jar!/" type="simple" />
            <root url="jar://$java.home$/lib/rt.jar!/" type="simple" />
          </root>
        </classPath>
        <javadocPath>
          <root type="composite" />
        </javadocPath>
        <sourcePath>
          <root type="composite">
            <root url="jar://D:/Software/java-1.8.0-openjdk-1.8.0.212-3.b04.redhat.windows.x86_64/src.zip!/" type="simple" />
          </root>
        </sourcePath>
      </roots>
      <additional />
    </jdk>
    <jdk version="2">
      <name value="OpenJDK-13.0.2.8" />
      <type value="JavaSDK" />
      <version value="java version &quot;13.0.2&quot;" />
      <homePath value="D:/Software/AdoptOpenJDK/jdk-13.0.2.8-hotspot" />
      <roots>
        <annotationsPath>
          <root type="composite">
            <root url="jar://$APPLICATION_HOME_DIR$/lib/jdkAnnotations.jar!/" type="simple" />
          </root>
        </annotationsPath>
        <classPath>
          <root type="composite">
            <root url="jrt://D:/Software/AdoptOpenJDK/jdk-13.0.2.8-hotspot!/java.base" type="simple" />
            <root url="jrt://D:/Software/AdoptOpenJDK/jdk-13.0.2.8-hotspot!/java.compiler" type="simple" />
            <root url="jrt://D:/Software/AdoptOpenJDK/jdk-13.0.2.8-hotspot!/java.datatransfer" type="simple" />
            <root url="jrt://D:/Software/AdoptOpenJDK/jdk-13.0.2.8-hotspot!/java.desktop" type="simple" />
            <root url="jrt://D:/Software/AdoptOpenJDK/jdk-13.0.2.8-hotspot!/java.instrument" type="simple" />
            <root url="jrt://D:/Software/AdoptOpenJDK/jdk-13.0.2.8-hotspot!/java.logging" type="simple" />
            <root url="jrt://D:/Software/AdoptOpenJDK/jdk-13.0.2.8-hotspot!/java.management" type="simple" />
            <root url="jrt://D:/Software/AdoptOpenJDK/jdk-13.0.2.8-hotspot!/java.management.rmi" type="simple" />
            <root url="jrt://D:/Software/AdoptOpenJDK/jdk-13.0.2.8-hotspot!/java.naming" type="simple" />
            <root url="jrt://D:/Software/AdoptOpenJDK/jdk-13.0.2.8-hotspot!/java.net.http" type="simple" />
            <root url="jrt://D:/Software/AdoptOpenJDK/jdk-13.0.2.8-hotspot!/java.prefs" type="simple" />
            <root url="jrt://D:/Software/AdoptOpenJDK/jdk-13.0.2.8-hotspot!/java.rmi" type="simple" />
            <root url="jrt://D:/Software/AdoptOpenJDK/jdk-13.0.2.8-hotspot!/java.scripting" type="simple" />
            <root url="jrt://D:/Software/AdoptOpenJDK/jdk-13.0.2.8-hotspot!/java.se" type="simple" />
            <root url="jrt://D:/Software/AdoptOpenJDK/jdk-13.0.2.8-hotspot!/java.security.jgss" type="simple" />
            <root url="jrt://D:/Software/AdoptOpenJDK/jdk-13.0.2.8-hotspot!/java.security.sasl" type="simple" />
            <root url="jrt://D:/Software/AdoptOpenJDK/jdk-13.0.2.8-hotspot!/java.smartcardio" type="simple" />
            <root url="jrt://D:/Software/AdoptOpenJDK/jdk-13.0.2.8-hotspot!/java.sql" type="simple" />
            <root url="jrt://D:/Software/AdoptOpenJDK/jdk-13.0.2.8-hotspot!/java.sql.rowset" type="simple" />
            <root url="jrt://D:/Software/AdoptOpenJDK/jdk-13.0.2.8-hotspot!/java.transaction.xa" type="simple" />
            <root url="jrt://D:/Software/AdoptOpenJDK/jdk-13.0.2.8-hotspot!/java.xml" type="simple" />
            <root url="jrt://D:/Software/AdoptOpenJDK/jdk-13.0.2.8-hotspot!/java.xml.crypto" type="simple" />
            <root url="jrt://D:/Software/AdoptOpenJDK/jdk-13.0.2.8-hotspot!/jdk.accessibility" type="simple" />
            <root url="jrt://D:/Software/AdoptOpenJDK/jdk-13.0.2.8-hotspot!/jdk.aot" type="simple" />
            <root url="jrt://D:/Software/AdoptOpenJDK/jdk-13.0.2.8-hotspot!/jdk.attach" type="simple" />
            <root url="jrt://D:/Software/AdoptOpenJDK/jdk-13.0.2.8-hotspot!/jdk.charsets" type="simple" />
            <root url="jrt://D:/Software/AdoptOpenJDK/jdk-13.0.2.8-hotspot!/jdk.compiler" type="simple" />
            <root url="jrt://D:/Software/AdoptOpenJDK/jdk-13.0.2.8-hotspot!/jdk.crypto.cryptoki" type="simple" />
            <root url="jrt://D:/Software/AdoptOpenJDK/jdk-13.0.2.8-hotspot!/jdk.crypto.ec" type="simple" />
            <root url="jrt://D:/Software/AdoptOpenJDK/jdk-13.0.2.8-hotspot!/jdk.crypto.mscapi" type="simple" />
            <root url="jrt://D:/Software/AdoptOpenJDK/jdk-13.0.2.8-hotspot!/jdk.dynalink" type="simple" />
            <root url="jrt://D:/Software/AdoptOpenJDK/jdk-13.0.2.8-hotspot!/jdk.editpad" type="simple" />
            <root url="jrt://D:/Software/AdoptOpenJDK/jdk-13.0.2.8-hotspot!/jdk.hotspot.agent" type="simple" />
            <root url="jrt://D:/Software/AdoptOpenJDK/jdk-13.0.2.8-hotspot!/jdk.httpserver" type="simple" />
            <root url="jrt://D:/Software/AdoptOpenJDK/jdk-13.0.2.8-hotspot!/jdk.internal.ed" type="simple" />
            <root url="jrt://D:/Software/AdoptOpenJDK/jdk-13.0.2.8-hotspot!/jdk.internal.jvmstat" type="simple" />
            <root url="jrt://D:/Software/AdoptOpenJDK/jdk-13.0.2.8-hotspot!/jdk.internal.le" type="simple" />
            <root url="jrt://D:/Software/AdoptOpenJDK/jdk-13.0.2.8-hotspot!/jdk.internal.opt" type="simple" />
            <root url="jrt://D:/Software/AdoptOpenJDK/jdk-13.0.2.8-hotspot!/jdk.internal.vm.ci" type="simple" />
            <root url="jrt://D:/Software/AdoptOpenJDK/jdk-13.0.2.8-hotspot!/jdk.internal.vm.compiler" type="simple" />
            <root url="jrt://D:/Software/AdoptOpenJDK/jdk-13.0.2.8-hotspot!/jdk.internal.vm.compiler.management" type="simple" />
            <root url="jrt://D:/Software/AdoptOpenJDK/jdk-13.0.2.8-hotspot!/jdk.jartool" type="simple" />
            <root url="jrt://D:/Software/AdoptOpenJDK/jdk-13.0.2.8-hotspot!/jdk.javadoc" type="simple" />
            <root url="jrt://D:/Software/AdoptOpenJDK/jdk-13.0.2.8-hotspot!/jdk.jcmd" type="simple" />
            <root url="jrt://D:/Software/AdoptOpenJDK/jdk-13.0.2.8-hotspot!/jdk.jconsole" type="simple" />
            <root url="jrt://D:/Software/AdoptOpenJDK/jdk-13.0.2.8-hotspot!/jdk.jdeps" type="simple" />
            <root url="jrt://D:/Software/AdoptOpenJDK/jdk-13.0.2.8-hotspot!/jdk.jdi" type="simple" />
            <root url="jrt://D:/Software/AdoptOpenJDK/jdk-13.0.2.8-hotspot!/jdk.jdwp.agent" type="simple" />
            <root url="jrt://D:/Software/AdoptOpenJDK/jdk-13.0.2.8-hotspot!/jdk.jfr" type="simple" />
            <root url="jrt://D:/Software/AdoptOpenJDK/jdk-13.0.2.8-hotspot!/jdk.jlink" type="simple" />
            <root url="jrt://D:/Software/AdoptOpenJDK/jdk-13.0.2.8-hotspot!/jdk.jshell" type="simple" />
            <root url="jrt://D:/Software/AdoptOpenJDK/jdk-13.0.2.8-hotspot!/jdk.jsobject" type="simple" />
            <root url="jrt://D:/Software/AdoptOpenJDK/jdk-13.0.2.8-hotspot!/jdk.jstatd" type="simple" />
            <root url="jrt://D:/Software/AdoptOpenJDK/jdk-13.0.2.8-hotspot!/jdk.localedata" type="simple" />
            <root url="jrt://D:/Software/AdoptOpenJDK/jdk-13.0.2.8-hotspot!/jdk.management" type="simple" />
            <root url="jrt://D:/Software/AdoptOpenJDK/jdk-13.0.2.8-hotspot!/jdk.management.agent" type="simple" />
            <root url="jrt://D:/Software/AdoptOpenJDK/jdk-13.0.2.8-hotspot!/jdk.management.jfr" type="simple" />
            <root url="jrt://D:/Software/AdoptOpenJDK/jdk-13.0.2.8-hotspot!/jdk.naming.dns" type="simple" />
            <root url="jrt://D:/Software/AdoptOpenJDK/jdk-13.0.2.8-hotspot!/jdk.naming.rmi" type="simple" />
            <root url="jrt://D:/Software/AdoptOpenJDK/jdk-13.0.2.8-hotspot!/jdk.net" type="simple" />
            <root url="jrt://D:/Software/AdoptOpenJDK/jdk-13.0.2.8-hotspot!/jdk.pack" type="simple" />
            <root url="jrt://D:/Software/AdoptOpenJDK/jdk-13.0.2.8-hotspot!/jdk.rmic" type="simple" />
            <root url="jrt://D:/Software/AdoptOpenJDK/jdk-13.0.2.8-hotspot!/jdk.scripting.nashorn" type="simple" />
            <root url="jrt://D:/Software/AdoptOpenJDK/jdk-13.0.2.8-hotspot!/jdk.scripting.nashorn.shell" type="simple" />
            <root url="jrt://D:/Software/AdoptOpenJDK/jdk-13.0.2.8-hotspot!/jdk.sctp" type="simple" />
            <root url="jrt://D:/Software/AdoptOpenJDK/jdk-13.0.2.8-hotspot!/jdk.security.auth" type="simple" />
            <root url="jrt://D:/Software/AdoptOpenJDK/jdk-13.0.2.8-hotspot!/jdk.security.jgss" type="simple" />
            <root url="jrt://D:/Software/AdoptOpenJDK/jdk-13.0.2.8-hotspot!/jdk.unsupported" type="simple" />
            <root url="jrt://D:/Software/AdoptOpenJDK/jdk-13.0.2.8-hotspot!/jdk.unsupported.desktop" type="simple" />
            <root url="jrt://D:/Software/AdoptOpenJDK/jdk-13.0.2.8-hotspot!/jdk.xml.dom" type="simple" />
            <root url="jrt://D:/Software/AdoptOpenJDK/jdk-13.0.2.8-hotspot!/jdk.zipfs" type="simple" />
          </root>
        </classPath>
        <javadocPath>
          <root type="composite" />
        </javadocPath>
        <sourcePath>
          <root type="composite">
            <root url="jar://D:/Software/AdoptOpenJDK/jdk-13.0.2.8-hotspot/lib/src.zip!/java.se" type="simple" />
            <root url="jar://D:/Software/AdoptOpenJDK/jdk-13.0.2.8-hotspot/lib/src.zip!/jdk.aot" type="simple" />
            <root url="jar://D:/Software/AdoptOpenJDK/jdk-13.0.2.8-hotspot/lib/src.zip!/jdk.jdi" type="simple" />
            <root url="jar://D:/Software/AdoptOpenJDK/jdk-13.0.2.8-hotspot/lib/src.zip!/jdk.jfr" type="simple" />
            <root url="jar://D:/Software/AdoptOpenJDK/jdk-13.0.2.8-hotspot/lib/src.zip!/jdk.net" type="simple" />
            <root url="jar://D:/Software/AdoptOpenJDK/jdk-13.0.2.8-hotspot/lib/src.zip!/java.rmi" type="simple" />
            <root url="jar://D:/Software/AdoptOpenJDK/jdk-13.0.2.8-hotspot/lib/src.zip!/java.sql" type="simple" />
            <root url="jar://D:/Software/AdoptOpenJDK/jdk-13.0.2.8-hotspot/lib/src.zip!/java.xml" type="simple" />
            <root url="jar://D:/Software/AdoptOpenJDK/jdk-13.0.2.8-hotspot/lib/src.zip!/jdk.jcmd" type="simple" />
            <root url="jar://D:/Software/AdoptOpenJDK/jdk-13.0.2.8-hotspot/lib/src.zip!/jdk.pack" type="simple" />
            <root url="jar://D:/Software/AdoptOpenJDK/jdk-13.0.2.8-hotspot/lib/src.zip!/jdk.rmic" type="simple" />
            <root url="jar://D:/Software/AdoptOpenJDK/jdk-13.0.2.8-hotspot/lib/src.zip!/jdk.sctp" type="simple" />
            <root url="jar://D:/Software/AdoptOpenJDK/jdk-13.0.2.8-hotspot/lib/src.zip!/java.base" type="simple" />
            <root url="jar://D:/Software/AdoptOpenJDK/jdk-13.0.2.8-hotspot/lib/src.zip!/jdk.jdeps" type="simple" />
            <root url="jar://D:/Software/AdoptOpenJDK/jdk-13.0.2.8-hotspot/lib/src.zip!/jdk.jlink" type="simple" />
            <root url="jar://D:/Software/AdoptOpenJDK/jdk-13.0.2.8-hotspot/lib/src.zip!/jdk.zipfs" type="simple" />
            <root url="jar://D:/Software/AdoptOpenJDK/jdk-13.0.2.8-hotspot/lib/src.zip!/java.prefs" type="simple" />
            <root url="jar://D:/Software/AdoptOpenJDK/jdk-13.0.2.8-hotspot/lib/src.zip!/jdk.attach" type="simple" />
            <root url="jar://D:/Software/AdoptOpenJDK/jdk-13.0.2.8-hotspot/lib/src.zip!/jdk.jshell" type="simple" />
            <root url="jar://D:/Software/AdoptOpenJDK/jdk-13.0.2.8-hotspot/lib/src.zip!/jdk.jstatd" type="simple" />
            <root url="jar://D:/Software/AdoptOpenJDK/jdk-13.0.2.8-hotspot/lib/src.zip!/java.naming" type="simple" />
            <root url="jar://D:/Software/AdoptOpenJDK/jdk-13.0.2.8-hotspot/lib/src.zip!/jdk.editpad" type="simple" />
            <root url="jar://D:/Software/AdoptOpenJDK/jdk-13.0.2.8-hotspot/lib/src.zip!/jdk.jartool" type="simple" />
            <root url="jar://D:/Software/AdoptOpenJDK/jdk-13.0.2.8-hotspot/lib/src.zip!/jdk.javadoc" type="simple" />
            <root url="jar://D:/Software/AdoptOpenJDK/jdk-13.0.2.8-hotspot/lib/src.zip!/jdk.xml.dom" type="simple" />
            <root url="jar://D:/Software/AdoptOpenJDK/jdk-13.0.2.8-hotspot/lib/src.zip!/java.desktop" type="simple" />
            <root url="jar://D:/Software/AdoptOpenJDK/jdk-13.0.2.8-hotspot/lib/src.zip!/java.logging" type="simple" />
            <root url="jar://D:/Software/AdoptOpenJDK/jdk-13.0.2.8-hotspot/lib/src.zip!/jdk.charsets" type="simple" />
            <root url="jar://D:/Software/AdoptOpenJDK/jdk-13.0.2.8-hotspot/lib/src.zip!/jdk.compiler" type="simple" />
            <root url="jar://D:/Software/AdoptOpenJDK/jdk-13.0.2.8-hotspot/lib/src.zip!/jdk.dynalink" type="simple" />
            <root url="jar://D:/Software/AdoptOpenJDK/jdk-13.0.2.8-hotspot/lib/src.zip!/jdk.jconsole" type="simple" />
            <root url="jar://D:/Software/AdoptOpenJDK/jdk-13.0.2.8-hotspot/lib/src.zip!/jdk.jsobject" type="simple" />
            <root url="jar://D:/Software/AdoptOpenJDK/jdk-13.0.2.8-hotspot/lib/src.zip!/java.compiler" type="simple" />
            <root url="jar://D:/Software/AdoptOpenJDK/jdk-13.0.2.8-hotspot/lib/src.zip!/java.net.http" type="simple" />
            <root url="jar://D:/Software/AdoptOpenJDK/jdk-13.0.2.8-hotspot/lib/src.zip!/jdk.crypto.ec" type="simple" />
            <root url="jar://D:/Software/AdoptOpenJDK/jdk-13.0.2.8-hotspot/lib/src.zip!/java.scripting" type="simple" />
            <root url="jar://D:/Software/AdoptOpenJDK/jdk-13.0.2.8-hotspot/lib/src.zip!/jdk.httpserver" type="simple" />
            <root url="jar://D:/Software/AdoptOpenJDK/jdk-13.0.2.8-hotspot/lib/src.zip!/jdk.jdwp.agent" type="simple" />
            <root url="jar://D:/Software/AdoptOpenJDK/jdk-13.0.2.8-hotspot/lib/src.zip!/jdk.localedata" type="simple" />
            <root url="jar://D:/Software/AdoptOpenJDK/jdk-13.0.2.8-hotspot/lib/src.zip!/jdk.management" type="simple" />
            <root url="jar://D:/Software/AdoptOpenJDK/jdk-13.0.2.8-hotspot/lib/src.zip!/jdk.naming.dns" type="simple" />
            <root url="jar://D:/Software/AdoptOpenJDK/jdk-13.0.2.8-hotspot/lib/src.zip!/jdk.naming.rmi" type="simple" />
            <root url="jar://D:/Software/AdoptOpenJDK/jdk-13.0.2.8-hotspot/lib/src.zip!/java.instrument" type="simple" />
            <root url="jar://D:/Software/AdoptOpenJDK/jdk-13.0.2.8-hotspot/lib/src.zip!/java.management" type="simple" />
            <root url="jar://D:/Software/AdoptOpenJDK/jdk-13.0.2.8-hotspot/lib/src.zip!/java.sql.rowset" type="simple" />
            <root url="jar://D:/Software/AdoptOpenJDK/jdk-13.0.2.8-hotspot/lib/src.zip!/java.xml.crypto" type="simple" />
            <root url="jar://D:/Software/AdoptOpenJDK/jdk-13.0.2.8-hotspot/lib/src.zip!/jdk.internal.ed" type="simple" />
            <root url="jar://D:/Software/AdoptOpenJDK/jdk-13.0.2.8-hotspot/lib/src.zip!/jdk.internal.le" type="simple" />
            <root url="jar://D:/Software/AdoptOpenJDK/jdk-13.0.2.8-hotspot/lib/src.zip!/jdk.unsupported" type="simple" />
            <root url="jar://D:/Software/AdoptOpenJDK/jdk-13.0.2.8-hotspot/lib/src.zip!/java.smartcardio" type="simple" />
            <root url="jar://D:/Software/AdoptOpenJDK/jdk-13.0.2.8-hotspot/lib/src.zip!/jdk.internal.opt" type="simple" />
            <root url="jar://D:/Software/AdoptOpenJDK/jdk-13.0.2.8-hotspot/lib/src.zip!/java.datatransfer" type="simple" />
            <root url="jar://D:/Software/AdoptOpenJDK/jdk-13.0.2.8-hotspot/lib/src.zip!/jdk.accessibility" type="simple" />
            <root url="jar://D:/Software/AdoptOpenJDK/jdk-13.0.2.8-hotspot/lib/src.zip!/jdk.crypto.mscapi" type="simple" />
            <root url="jar://D:/Software/AdoptOpenJDK/jdk-13.0.2.8-hotspot/lib/src.zip!/jdk.hotspot.agent" type="simple" />
            <root url="jar://D:/Software/AdoptOpenJDK/jdk-13.0.2.8-hotspot/lib/src.zip!/jdk.security.auth" type="simple" />
            <root url="jar://D:/Software/AdoptOpenJDK/jdk-13.0.2.8-hotspot/lib/src.zip!/jdk.security.jgss" type="simple" />
            <root url="jar://D:/Software/AdoptOpenJDK/jdk-13.0.2.8-hotspot/lib/src.zip!/java.security.jgss" type="simple" />
            <root url="jar://D:/Software/AdoptOpenJDK/jdk-13.0.2.8-hotspot/lib/src.zip!/java.security.sasl" type="simple" />
            <root url="jar://D:/Software/AdoptOpenJDK/jdk-13.0.2.8-hotspot/lib/src.zip!/jdk.internal.vm.ci" type="simple" />
            <root url="jar://D:/Software/AdoptOpenJDK/jdk-13.0.2.8-hotspot/lib/src.zip!/jdk.management.jfr" type="simple" />
            <root url="jar://D:/Software/AdoptOpenJDK/jdk-13.0.2.8-hotspot/lib/src.zip!/java.management.rmi" type="simple" />
            <root url="jar://D:/Software/AdoptOpenJDK/jdk-13.0.2.8-hotspot/lib/src.zip!/java.transaction.xa" type="simple" />
            <root url="jar://D:/Software/AdoptOpenJDK/jdk-13.0.2.8-hotspot/lib/src.zip!/jdk.crypto.cryptoki" type="simple" />
            <root url="jar://D:/Software/AdoptOpenJDK/jdk-13.0.2.8-hotspot/lib/src.zip!/jdk.internal.jvmstat" type="simple" />
            <root url="jar://D:/Software/AdoptOpenJDK/jdk-13.0.2.8-hotspot/lib/src.zip!/jdk.management.agent" type="simple" />
            <root url="jar://D:/Software/AdoptOpenJDK/jdk-13.0.2.8-hotspot/lib/src.zip!/jdk.scripting.nashorn" type="simple" />
            <root url="jar://D:/Software/AdoptOpenJDK/jdk-13.0.2.8-hotspot/lib/src.zip!/jdk.unsupported.desktop" type="simple" />
            <root url="jar://D:/Software/AdoptOpenJDK/jdk-13.0.2.8-hotspot/lib/src.zip!/jdk.internal.vm.compiler" type="simple" />
            <root url="jar://D:/Software/AdoptOpenJDK/jdk-13.0.2.8-hotspot/lib/src.zip!/jdk.scripting.nashorn.shell" type="simple" />
            <root url="jar://D:/Software/AdoptOpenJDK/jdk-13.0.2.8-hotspot/lib/src.zip!/jdk.internal.vm.compiler.management" type="simple" />
          </root>
        </sourcePath>
      </roots>
      <additional />
    </jdk>
    <jdk version="2">
      <name value="jdk-10.0.2" />
      <type value="JavaSDK" />
      <version value="java version &quot;10.0.2&quot;" />
      <homePath value="D:/projects/iPension-1st/tools/java/jdk-10.0.2" />
      <roots>
        <annotationsPath>
          <root type="composite">
            <root url="jar://$APPLICATION_HOME_DIR$/lib/jdkAnnotations.jar!/" type="simple" />
          </root>
        </annotationsPath>
        <classPath>
          <root type="composite">
            <root url="jrt://D:/projects/iPension-1st/tools/java/jdk-10.0.2!/java.activation" type="simple" />
            <root url="jrt://D:/projects/iPension-1st/tools/java/jdk-10.0.2!/java.base" type="simple" />
            <root url="jrt://D:/projects/iPension-1st/tools/java/jdk-10.0.2!/java.compiler" type="simple" />
            <root url="jrt://D:/projects/iPension-1st/tools/java/jdk-10.0.2!/java.corba" type="simple" />
            <root url="jrt://D:/projects/iPension-1st/tools/java/jdk-10.0.2!/java.datatransfer" type="simple" />
            <root url="jrt://D:/projects/iPension-1st/tools/java/jdk-10.0.2!/java.desktop" type="simple" />
            <root url="jrt://D:/projects/iPension-1st/tools/java/jdk-10.0.2!/java.instrument" type="simple" />
            <root url="jrt://D:/projects/iPension-1st/tools/java/jdk-10.0.2!/java.jnlp" type="simple" />
            <root url="jrt://D:/projects/iPension-1st/tools/java/jdk-10.0.2!/java.logging" type="simple" />
            <root url="jrt://D:/projects/iPension-1st/tools/java/jdk-10.0.2!/java.management" type="simple" />
            <root url="jrt://D:/projects/iPension-1st/tools/java/jdk-10.0.2!/java.management.rmi" type="simple" />
            <root url="jrt://D:/projects/iPension-1st/tools/java/jdk-10.0.2!/java.naming" type="simple" />
            <root url="jrt://D:/projects/iPension-1st/tools/java/jdk-10.0.2!/java.prefs" type="simple" />
            <root url="jrt://D:/projects/iPension-1st/tools/java/jdk-10.0.2!/java.rmi" type="simple" />
            <root url="jrt://D:/projects/iPension-1st/tools/java/jdk-10.0.2!/java.scripting" type="simple" />
            <root url="jrt://D:/projects/iPension-1st/tools/java/jdk-10.0.2!/java.se" type="simple" />
            <root url="jrt://D:/projects/iPension-1st/tools/java/jdk-10.0.2!/java.se.ee" type="simple" />
            <root url="jrt://D:/projects/iPension-1st/tools/java/jdk-10.0.2!/java.security.jgss" type="simple" />
            <root url="jrt://D:/projects/iPension-1st/tools/java/jdk-10.0.2!/java.security.sasl" type="simple" />
            <root url="jrt://D:/projects/iPension-1st/tools/java/jdk-10.0.2!/java.smartcardio" type="simple" />
            <root url="jrt://D:/projects/iPension-1st/tools/java/jdk-10.0.2!/java.sql" type="simple" />
            <root url="jrt://D:/projects/iPension-1st/tools/java/jdk-10.0.2!/java.sql.rowset" type="simple" />
            <root url="jrt://D:/projects/iPension-1st/tools/java/jdk-10.0.2!/java.transaction" type="simple" />
            <root url="jrt://D:/projects/iPension-1st/tools/java/jdk-10.0.2!/java.xml" type="simple" />
            <root url="jrt://D:/projects/iPension-1st/tools/java/jdk-10.0.2!/java.xml.bind" type="simple" />
            <root url="jrt://D:/projects/iPension-1st/tools/java/jdk-10.0.2!/java.xml.crypto" type="simple" />
            <root url="jrt://D:/projects/iPension-1st/tools/java/jdk-10.0.2!/java.xml.ws" type="simple" />
            <root url="jrt://D:/projects/iPension-1st/tools/java/jdk-10.0.2!/java.xml.ws.annotation" type="simple" />
            <root url="jrt://D:/projects/iPension-1st/tools/java/jdk-10.0.2!/javafx.base" type="simple" />
            <root url="jrt://D:/projects/iPension-1st/tools/java/jdk-10.0.2!/javafx.controls" type="simple" />
            <root url="jrt://D:/projects/iPension-1st/tools/java/jdk-10.0.2!/javafx.deploy" type="simple" />
            <root url="jrt://D:/projects/iPension-1st/tools/java/jdk-10.0.2!/javafx.fxml" type="simple" />
            <root url="jrt://D:/projects/iPension-1st/tools/java/jdk-10.0.2!/javafx.graphics" type="simple" />
            <root url="jrt://D:/projects/iPension-1st/tools/java/jdk-10.0.2!/javafx.media" type="simple" />
            <root url="jrt://D:/projects/iPension-1st/tools/java/jdk-10.0.2!/javafx.swing" type="simple" />
            <root url="jrt://D:/projects/iPension-1st/tools/java/jdk-10.0.2!/javafx.web" type="simple" />
            <root url="jrt://D:/projects/iPension-1st/tools/java/jdk-10.0.2!/jdk.accessibility" type="simple" />
            <root url="jrt://D:/projects/iPension-1st/tools/java/jdk-10.0.2!/jdk.aot" type="simple" />
            <root url="jrt://D:/projects/iPension-1st/tools/java/jdk-10.0.2!/jdk.attach" type="simple" />
            <root url="jrt://D:/projects/iPension-1st/tools/java/jdk-10.0.2!/jdk.charsets" type="simple" />
            <root url="jrt://D:/projects/iPension-1st/tools/java/jdk-10.0.2!/jdk.compiler" type="simple" />
            <root url="jrt://D:/projects/iPension-1st/tools/java/jdk-10.0.2!/jdk.crypto.cryptoki" type="simple" />
            <root url="jrt://D:/projects/iPension-1st/tools/java/jdk-10.0.2!/jdk.crypto.ec" type="simple" />
            <root url="jrt://D:/projects/iPension-1st/tools/java/jdk-10.0.2!/jdk.crypto.mscapi" type="simple" />
            <root url="jrt://D:/projects/iPension-1st/tools/java/jdk-10.0.2!/jdk.deploy" type="simple" />
            <root url="jrt://D:/projects/iPension-1st/tools/java/jdk-10.0.2!/jdk.deploy.controlpanel" type="simple" />
            <root url="jrt://D:/projects/iPension-1st/tools/java/jdk-10.0.2!/jdk.dynalink" type="simple" />
            <root url="jrt://D:/projects/iPension-1st/tools/java/jdk-10.0.2!/jdk.editpad" type="simple" />
            <root url="jrt://D:/projects/iPension-1st/tools/java/jdk-10.0.2!/jdk.hotspot.agent" type="simple" />
            <root url="jrt://D:/projects/iPension-1st/tools/java/jdk-10.0.2!/jdk.httpserver" type="simple" />
            <root url="jrt://D:/projects/iPension-1st/tools/java/jdk-10.0.2!/jdk.incubator.httpclient" type="simple" />
            <root url="jrt://D:/projects/iPension-1st/tools/java/jdk-10.0.2!/jdk.internal.ed" type="simple" />
            <root url="jrt://D:/projects/iPension-1st/tools/java/jdk-10.0.2!/jdk.internal.jvmstat" type="simple" />
            <root url="jrt://D:/projects/iPension-1st/tools/java/jdk-10.0.2!/jdk.internal.le" type="simple" />
            <root url="jrt://D:/projects/iPension-1st/tools/java/jdk-10.0.2!/jdk.internal.opt" type="simple" />
            <root url="jrt://D:/projects/iPension-1st/tools/java/jdk-10.0.2!/jdk.internal.vm.ci" type="simple" />
            <root url="jrt://D:/projects/iPension-1st/tools/java/jdk-10.0.2!/jdk.internal.vm.compiler" type="simple" />
            <root url="jrt://D:/projects/iPension-1st/tools/java/jdk-10.0.2!/jdk.internal.vm.compiler.management" type="simple" />
            <root url="jrt://D:/projects/iPension-1st/tools/java/jdk-10.0.2!/jdk.jartool" type="simple" />
            <root url="jrt://D:/projects/iPension-1st/tools/java/jdk-10.0.2!/jdk.javadoc" type="simple" />
            <root url="jrt://D:/projects/iPension-1st/tools/java/jdk-10.0.2!/jdk.javaws" type="simple" />
            <root url="jrt://D:/projects/iPension-1st/tools/java/jdk-10.0.2!/jdk.jcmd" type="simple" />
            <root url="jrt://D:/projects/iPension-1st/tools/java/jdk-10.0.2!/jdk.jconsole" type="simple" />
            <root url="jrt://D:/projects/iPension-1st/tools/java/jdk-10.0.2!/jdk.jdeps" type="simple" />
            <root url="jrt://D:/projects/iPension-1st/tools/java/jdk-10.0.2!/jdk.jdi" type="simple" />
            <root url="jrt://D:/projects/iPension-1st/tools/java/jdk-10.0.2!/jdk.jdwp.agent" type="simple" />
            <root url="jrt://D:/projects/iPension-1st/tools/java/jdk-10.0.2!/jdk.jfr" type="simple" />
            <root url="jrt://D:/projects/iPension-1st/tools/java/jdk-10.0.2!/jdk.jlink" type="simple" />
            <root url="jrt://D:/projects/iPension-1st/tools/java/jdk-10.0.2!/jdk.jshell" type="simple" />
            <root url="jrt://D:/projects/iPension-1st/tools/java/jdk-10.0.2!/jdk.jsobject" type="simple" />
            <root url="jrt://D:/projects/iPension-1st/tools/java/jdk-10.0.2!/jdk.jstatd" type="simple" />
            <root url="jrt://D:/projects/iPension-1st/tools/java/jdk-10.0.2!/jdk.localedata" type="simple" />
            <root url="jrt://D:/projects/iPension-1st/tools/java/jdk-10.0.2!/jdk.management" type="simple" />
            <root url="jrt://D:/projects/iPension-1st/tools/java/jdk-10.0.2!/jdk.management.agent" type="simple" />
            <root url="jrt://D:/projects/iPension-1st/tools/java/jdk-10.0.2!/jdk.management.cmm" type="simple" />
            <root url="jrt://D:/projects/iPension-1st/tools/java/jdk-10.0.2!/jdk.management.jfr" type="simple" />
            <root url="jrt://D:/projects/iPension-1st/tools/java/jdk-10.0.2!/jdk.management.resource" type="simple" />
            <root url="jrt://D:/projects/iPension-1st/tools/java/jdk-10.0.2!/jdk.naming.dns" type="simple" />
            <root url="jrt://D:/projects/iPension-1st/tools/java/jdk-10.0.2!/jdk.naming.rmi" type="simple" />
            <root url="jrt://D:/projects/iPension-1st/tools/java/jdk-10.0.2!/jdk.net" type="simple" />
            <root url="jrt://D:/projects/iPension-1st/tools/java/jdk-10.0.2!/jdk.pack" type="simple" />
            <root url="jrt://D:/projects/iPension-1st/tools/java/jdk-10.0.2!/jdk.packager" type="simple" />
            <root url="jrt://D:/projects/iPension-1st/tools/java/jdk-10.0.2!/jdk.packager.services" type="simple" />
            <root url="jrt://D:/projects/iPension-1st/tools/java/jdk-10.0.2!/jdk.plugin" type="simple" />
            <root url="jrt://D:/projects/iPension-1st/tools/java/jdk-10.0.2!/jdk.plugin.server" type="simple" />
            <root url="jrt://D:/projects/iPension-1st/tools/java/jdk-10.0.2!/jdk.rmic" type="simple" />
            <root url="jrt://D:/projects/iPension-1st/tools/java/jdk-10.0.2!/jdk.scripting.nashorn" type="simple" />
            <root url="jrt://D:/projects/iPension-1st/tools/java/jdk-10.0.2!/jdk.scripting.nashorn.shell" type="simple" />
            <root url="jrt://D:/projects/iPension-1st/tools/java/jdk-10.0.2!/jdk.sctp" type="simple" />
            <root url="jrt://D:/projects/iPension-1st/tools/java/jdk-10.0.2!/jdk.security.auth" type="simple" />
            <root url="jrt://D:/projects/iPension-1st/tools/java/jdk-10.0.2!/jdk.security.jgss" type="simple" />
            <root url="jrt://D:/projects/iPension-1st/tools/java/jdk-10.0.2!/jdk.snmp" type="simple" />
            <root url="jrt://D:/projects/iPension-1st/tools/java/jdk-10.0.2!/jdk.unsupported" type="simple" />
            <root url="jrt://D:/projects/iPension-1st/tools/java/jdk-10.0.2!/jdk.xml.bind" type="simple" />
            <root url="jrt://D:/projects/iPension-1st/tools/java/jdk-10.0.2!/jdk.xml.dom" type="simple" />
            <root url="jrt://D:/projects/iPension-1st/tools/java/jdk-10.0.2!/jdk.xml.ws" type="simple" />
            <root url="jrt://D:/projects/iPension-1st/tools/java/jdk-10.0.2!/jdk.zipfs" type="simple" />
            <root url="jrt://D:/projects/iPension-1st/tools/java/jdk-10.0.2!/oracle.desktop" type="simple" />
            <root url="jrt://D:/projects/iPension-1st/tools/java/jdk-10.0.2!/oracle.net" type="simple" />
          </root>
        </classPath>
        <javadocPath>
          <root type="composite" />
        </javadocPath>
        <sourcePath>
          <root type="composite">
            <root url="jar://D:/projects/iPension-1st/tools/java/jdk-10.0.2/lib/src.zip!/java.se" type="simple" />
            <root url="jar://D:/projects/iPension-1st/tools/java/jdk-10.0.2/lib/src.zip!/jdk.aot" type="simple" />
            <root url="jar://D:/projects/iPension-1st/tools/java/jdk-10.0.2/lib/src.zip!/jdk.jdi" type="simple" />
            <root url="jar://D:/projects/iPension-1st/tools/java/jdk-10.0.2/lib/src.zip!/jdk.net" type="simple" />
            <root url="jar://D:/projects/iPension-1st/tools/java/jdk-10.0.2/lib/src.zip!/java.rmi" type="simple" />
            <root url="jar://D:/projects/iPension-1st/tools/java/jdk-10.0.2/lib/src.zip!/java.sql" type="simple" />
            <root url="jar://D:/projects/iPension-1st/tools/java/jdk-10.0.2/lib/src.zip!/java.xml" type="simple" />
            <root url="jar://D:/projects/iPension-1st/tools/java/jdk-10.0.2/lib/src.zip!/jdk.jcmd" type="simple" />
            <root url="jar://D:/projects/iPension-1st/tools/java/jdk-10.0.2/lib/src.zip!/jdk.pack" type="simple" />
            <root url="jar://D:/projects/iPension-1st/tools/java/jdk-10.0.2/lib/src.zip!/jdk.rmic" type="simple" />
            <root url="jar://D:/projects/iPension-1st/tools/java/jdk-10.0.2/lib/src.zip!/jdk.sctp" type="simple" />
            <root url="jar://D:/projects/iPension-1st/tools/java/jdk-10.0.2/lib/src.zip!/java.base" type="simple" />
            <root url="jar://D:/projects/iPension-1st/tools/java/jdk-10.0.2/lib/src.zip!/jdk.jdeps" type="simple" />
            <root url="jar://D:/projects/iPension-1st/tools/java/jdk-10.0.2/lib/src.zip!/jdk.jlink" type="simple" />
            <root url="jar://D:/projects/iPension-1st/tools/java/jdk-10.0.2/lib/src.zip!/jdk.zipfs" type="simple" />
            <root url="jar://D:/projects/iPension-1st/tools/java/jdk-10.0.2/lib/src.zip!/java.corba" type="simple" />
            <root url="jar://D:/projects/iPension-1st/tools/java/jdk-10.0.2/lib/src.zip!/java.prefs" type="simple" />
            <root url="jar://D:/projects/iPension-1st/tools/java/jdk-10.0.2/lib/src.zip!/java.se.ee" type="simple" />
            <root url="jar://D:/projects/iPension-1st/tools/java/jdk-10.0.2/lib/src.zip!/javafx.web" type="simple" />
            <root url="jar://D:/projects/iPension-1st/tools/java/jdk-10.0.2/lib/src.zip!/jdk.attach" type="simple" />
            <root url="jar://D:/projects/iPension-1st/tools/java/jdk-10.0.2/lib/src.zip!/jdk.jshell" type="simple" />
            <root url="jar://D:/projects/iPension-1st/tools/java/jdk-10.0.2/lib/src.zip!/jdk.jstatd" type="simple" />
            <root url="jar://D:/projects/iPension-1st/tools/java/jdk-10.0.2/lib/src.zip!/jdk.xml.ws" type="simple" />
            <root url="jar://D:/projects/iPension-1st/tools/java/jdk-10.0.2/lib/src.zip!/java.naming" type="simple" />
            <root url="jar://D:/projects/iPension-1st/tools/java/jdk-10.0.2/lib/src.zip!/java.xml.ws" type="simple" />
            <root url="jar://D:/projects/iPension-1st/tools/java/jdk-10.0.2/lib/src.zip!/javafx.base" type="simple" />
            <root url="jar://D:/projects/iPension-1st/tools/java/jdk-10.0.2/lib/src.zip!/javafx.fxml" type="simple" />
            <root url="jar://D:/projects/iPension-1st/tools/java/jdk-10.0.2/lib/src.zip!/jdk.editpad" type="simple" />
            <root url="jar://D:/projects/iPension-1st/tools/java/jdk-10.0.2/lib/src.zip!/jdk.jartool" type="simple" />
            <root url="jar://D:/projects/iPension-1st/tools/java/jdk-10.0.2/lib/src.zip!/jdk.javadoc" type="simple" />
            <root url="jar://D:/projects/iPension-1st/tools/java/jdk-10.0.2/lib/src.zip!/jdk.xml.dom" type="simple" />
            <root url="jar://D:/projects/iPension-1st/tools/java/jdk-10.0.2/lib/src.zip!/java.desktop" type="simple" />
            <root url="jar://D:/projects/iPension-1st/tools/java/jdk-10.0.2/lib/src.zip!/java.logging" type="simple" />
            <root url="jar://D:/projects/iPension-1st/tools/java/jdk-10.0.2/lib/src.zip!/javafx.media" type="simple" />
            <root url="jar://D:/projects/iPension-1st/tools/java/jdk-10.0.2/lib/src.zip!/javafx.swing" type="simple" />
            <root url="jar://D:/projects/iPension-1st/tools/java/jdk-10.0.2/lib/src.zip!/jdk.charsets" type="simple" />
            <root url="jar://D:/projects/iPension-1st/tools/java/jdk-10.0.2/lib/src.zip!/jdk.compiler" type="simple" />
            <root url="jar://D:/projects/iPension-1st/tools/java/jdk-10.0.2/lib/src.zip!/jdk.dynalink" type="simple" />
            <root url="jar://D:/projects/iPension-1st/tools/java/jdk-10.0.2/lib/src.zip!/jdk.jconsole" type="simple" />
            <root url="jar://D:/projects/iPension-1st/tools/java/jdk-10.0.2/lib/src.zip!/jdk.jsobject" type="simple" />
            <root url="jar://D:/projects/iPension-1st/tools/java/jdk-10.0.2/lib/src.zip!/jdk.packager" type="simple" />
            <root url="jar://D:/projects/iPension-1st/tools/java/jdk-10.0.2/lib/src.zip!/jdk.xml.bind" type="simple" />
            <root url="jar://D:/projects/iPension-1st/tools/java/jdk-10.0.2/lib/src.zip!/java.compiler" type="simple" />
            <root url="jar://D:/projects/iPension-1st/tools/java/jdk-10.0.2/lib/src.zip!/java.xml.bind" type="simple" />
            <root url="jar://D:/projects/iPension-1st/tools/java/jdk-10.0.2/lib/src.zip!/jdk.crypto.ec" type="simple" />
            <root url="jar://D:/projects/iPension-1st/tools/java/jdk-10.0.2/lib/src.zip!/java.scripting" type="simple" />
            <root url="jar://D:/projects/iPension-1st/tools/java/jdk-10.0.2/lib/src.zip!/jdk.httpserver" type="simple" />
            <root url="jar://D:/projects/iPension-1st/tools/java/jdk-10.0.2/lib/src.zip!/jdk.jdwp.agent" type="simple" />
            <root url="jar://D:/projects/iPension-1st/tools/java/jdk-10.0.2/lib/src.zip!/jdk.localedata" type="simple" />
            <root url="jar://D:/projects/iPension-1st/tools/java/jdk-10.0.2/lib/src.zip!/jdk.management" type="simple" />
            <root url="jar://D:/projects/iPension-1st/tools/java/jdk-10.0.2/lib/src.zip!/jdk.naming.dns" type="simple" />
            <root url="jar://D:/projects/iPension-1st/tools/java/jdk-10.0.2/lib/src.zip!/jdk.naming.rmi" type="simple" />
            <root url="jar://D:/projects/iPension-1st/tools/java/jdk-10.0.2/lib/src.zip!/java.activation" type="simple" />
            <root url="jar://D:/projects/iPension-1st/tools/java/jdk-10.0.2/lib/src.zip!/java.instrument" type="simple" />
            <root url="jar://D:/projects/iPension-1st/tools/java/jdk-10.0.2/lib/src.zip!/java.management" type="simple" />
            <root url="jar://D:/projects/iPension-1st/tools/java/jdk-10.0.2/lib/src.zip!/java.sql.rowset" type="simple" />
            <root url="jar://D:/projects/iPension-1st/tools/java/jdk-10.0.2/lib/src.zip!/java.xml.crypto" type="simple" />
            <root url="jar://D:/projects/iPension-1st/tools/java/jdk-10.0.2/lib/src.zip!/javafx.controls" type="simple" />
            <root url="jar://D:/projects/iPension-1st/tools/java/jdk-10.0.2/lib/src.zip!/javafx.graphics" type="simple" />
            <root url="jar://D:/projects/iPension-1st/tools/java/jdk-10.0.2/lib/src.zip!/jdk.internal.ed" type="simple" />
            <root url="jar://D:/projects/iPension-1st/tools/java/jdk-10.0.2/lib/src.zip!/jdk.internal.le" type="simple" />
            <root url="jar://D:/projects/iPension-1st/tools/java/jdk-10.0.2/lib/src.zip!/jdk.unsupported" type="simple" />
            <root url="jar://D:/projects/iPension-1st/tools/java/jdk-10.0.2/lib/src.zip!/java.smartcardio" type="simple" />
            <root url="jar://D:/projects/iPension-1st/tools/java/jdk-10.0.2/lib/src.zip!/java.transaction" type="simple" />
            <root url="jar://D:/projects/iPension-1st/tools/java/jdk-10.0.2/lib/src.zip!/jdk.internal.opt" type="simple" />
            <root url="jar://D:/projects/iPension-1st/tools/java/jdk-10.0.2/lib/src.zip!/java.datatransfer" type="simple" />
            <root url="jar://D:/projects/iPension-1st/tools/java/jdk-10.0.2/lib/src.zip!/jdk.accessibility" type="simple" />
            <root url="jar://D:/projects/iPension-1st/tools/java/jdk-10.0.2/lib/src.zip!/jdk.crypto.mscapi" type="simple" />
            <root url="jar://D:/projects/iPension-1st/tools/java/jdk-10.0.2/lib/src.zip!/jdk.hotspot.agent" type="simple" />
            <root url="jar://D:/projects/iPension-1st/tools/java/jdk-10.0.2/lib/src.zip!/jdk.security.auth" type="simple" />
            <root url="jar://D:/projects/iPension-1st/tools/java/jdk-10.0.2/lib/src.zip!/jdk.security.jgss" type="simple" />
            <root url="jar://D:/projects/iPension-1st/tools/java/jdk-10.0.2/lib/src.zip!/java.security.jgss" type="simple" />
            <root url="jar://D:/projects/iPension-1st/tools/java/jdk-10.0.2/lib/src.zip!/java.security.sasl" type="simple" />
            <root url="jar://D:/projects/iPension-1st/tools/java/jdk-10.0.2/lib/src.zip!/jdk.internal.vm.ci" type="simple" />
            <root url="jar://D:/projects/iPension-1st/tools/java/jdk-10.0.2/lib/src.zip!/java.management.rmi" type="simple" />
            <root url="jar://D:/projects/iPension-1st/tools/java/jdk-10.0.2/lib/src.zip!/jdk.crypto.cryptoki" type="simple" />
            <root url="jar://D:/projects/iPension-1st/tools/java/jdk-10.0.2/lib/src.zip!/jdk.internal.jvmstat" type="simple" />
            <root url="jar://D:/projects/iPension-1st/tools/java/jdk-10.0.2/lib/src.zip!/jdk.management.agent" type="simple" />
            <root url="jar://D:/projects/iPension-1st/tools/java/jdk-10.0.2/lib/src.zip!/jdk.packager.services" type="simple" />
            <root url="jar://D:/projects/iPension-1st/tools/java/jdk-10.0.2/lib/src.zip!/jdk.scripting.nashorn" type="simple" />
            <root url="jar://D:/projects/iPension-1st/tools/java/jdk-10.0.2/lib/src.zip!/java.xml.ws.annotation" type="simple" />
            <root url="jar://D:/projects/iPension-1st/tools/java/jdk-10.0.2/lib/src.zip!/jdk.incubator.httpclient" type="simple" />
            <root url="jar://D:/projects/iPension-1st/tools/java/jdk-10.0.2/lib/src.zip!/jdk.internal.vm.compiler" type="simple" />
            <root url="jar://D:/projects/iPension-1st/tools/java/jdk-10.0.2/lib/src.zip!/jdk.scripting.nashorn.shell" type="simple" />
            <root url="jar://D:/projects/iPension-1st/tools/java/jdk-10.0.2/lib/src.zip!/jdk.internal.vm.compiler.management" type="simple" />
          </root>
        </sourcePath>
      </roots>
      <additional />
    </jdk>
  </component>
</application>