<application>
  <component name="PathMacrosImpl">
    <macro name="IPENSION_COMMONS" value="D:/projects/iPension-1st/svn_develop/ipension-commons" />
    <macro name="IPENSION_CONNECT" value="D:/projects/iPension-1st/svn_develop/ipension-connect" />
    <macro name="JAVA_HOME" value="C:/jdk8" />
    <macro name="KOTLIN_BUNDLED" value="C:\Program Files\JetBrains\IntelliJ IDEA 2019.1.3\plugins\Kotlin\kotlinc" />
    <macro name="MAVEN_REPOSITORY" value="C:/Users/mdl/.m2/repository" />
    <macro name="PROJECT_HOME" value="D:/projects/iPension/trunk" />
    <macro name="PROJECT_HOME_LOCATION_2" value="D:/projects/iPension/ipension-2nd-location-2" />
    <macro name="iPension-1st" value="D:/projects/iPension-1st/svn" />
  </component>
</application>