<application>
  <component name="SonarLintGlobalSettings">
    <option name="autoTrigger" value="false" />
    <option name="excludedRules">
      <set>
        <option value="squid:S00115" />
        <option value="squid:S1149" />
        <option value="squid:S135" />
        <option value="squid:S2095" />
        <option value="squid:S2129" />
        <option value="squid:S2293" />
      </set>
    </option>
    <option name="sonarQubeServers">
      <list>
        <SonarQubeServer>
          <option name="hostUrl" value="https://sonar-ipension.elca-services.com" />
          <token>df9edf9cdf92dfccdf92dfccdf9ddf99df9fdf93dfccdfccdf93dfc9dfcedf93df9adfccdf9edfc8df9cdf93df98dfc9df93df99df9adf98df9fdf9ddfcbdfc9df99df99df9fdf9fdf99dfcedfcbdfcf</token>
          <option name="name" value="iPension" />
        </SonarQubeServer>
      </list>
    </option>
  </component>
</application>