<application>
  <component name="ImportFilteringUsageViewSetting">
    <option name="SHOW_IMPORTS" value="false" />
  </component>
  <component name="ShowUsagesSettings">
    <option name="IS_EXPANDED" value="true" />
    <option name="GROUP_BY_PACKAGE" value="true" />
    <option name="GROUP_BY_USAGE_TYPE" value="true" />
    <option name="PREVIEW_USAGES_SPLITTER_PROPORTIONS" value="0.71083015" />
    <option name="IS_SORT_MEMBERS_ALPHABETICALLY" value="true" />
  </component>
  <component name="UsageViewSettings">
    <option name="IS_EXPANDED" value="true" />
    <option name="IS_FILTER_DUPLICATED_LINE" value="false" />
    <option name="GROUP_BY_MODULE" value="false" />
    <option name="GROUP_BY_SCOPE" value="true" />
    <option name="IS_PREVIEW_USAGES" value="true" />
    <option name="PREVIEW_USAGES_SPLITTER_PROPORTIONS" value="0.71083015" />
  </component>
</application>