<application>
  <component name="GitRememberedInputs">
    <option name="visitedUrls">
      <list>
        <UrlAndUserName>
          <option name="url" value="https://mdl@git-ipension.elca-services.com/scm/ip/ipension2nd.git" />
          <option name="userName" value="" />
        </UrlAndUserName>
        <UrlAndUserName>
          <option name="url" value="git@gitlab.com:vohuynhanhhuy/benhandientu.git" />
          <option name="userName" value="" />
        </UrlAndUserName>
        <UrlAndUserName>
          <option name="url" value="https://gitlab.com/vohuynhanhhuy/benhandientu.git" />
          <option name="userName" value="" />
        </UrlAndUserName>
        <UrlAndUserName>
          <option name="url" value="https://mdl@git-ipension.elca-services.com/scm/ip/ipension-suite.git" />
          <option name="userName" value="" />
        </UrlAndUserName>
        <UrlAndUserName>
          <option name="url" value="http://git-ipension.elca-services.com" />
          <option name="userName" value="mdl" />
        </UrlAndUserName>
      </list>
    </option>
    <option name="cloneParentDir" value="D:\projects\iPension-1st\svn" />
  </component>
  <component name="Vcs.Log.App.Settings">
    <option name="SHOW_CHANGES_FROM_PARENTS" value="true" />
  </component>
  <component name="VcsApplicationSettings">
    <option name="PATCH_STORAGE_LOCATION" value="D:/WillRemoved" />
  </component>
</application>